CANCERS,3AAAAAAAAAA,3AAAAAAAAAC,3AAAAAAAAAG,3AAAAAAAAAT,3AAAAAAAACA,3AAAAAAAACC,3AAAAAAAACG,3AAAAAAAACT,3AAAAAAAAGA,3AAAAAAAAGC,3AAAAAAAAGG,3AAAAAAAAGT,3AAAAAAAATA,3AAAAAAAATC
lungad_10,1081,36,35,31,20,5,3,5,19,8,11,5,7,6
lungad_1,1793,47,45,29,21,9,1,9,43,4,3,8,14,7
lungad_11,607,21,21,12,14,9,1,3,14,2,1,5,2,3
lungad_12,827,42,29,25,18,12,-1,4,17,3,7,3,10,11
lungad_13,887,21,28,29,14,13,3,6,17,5,7,7,9,7
lungad_14,1147,18,21,17,13,5,-1,5,21,5,8,5,7,4
lungad_15,669,34,39,24,18,9,-1,10,24,5,8,4,2,3
lungad_16,1039,25,31,19,12,14,1,6,21,2,4,9,12,5
lungad_17,2932,96,129,116,54,19,2,18,71,14,11,23,30,16
lungad_18,4205,101,144,98,62,41,3,26,87,16,16,20,22,20
lungad_19,1686,58,40,39,16,11,3,4,20,9,11,14,10,8
lungad_20,1397,50,39,37,22,9,2,7,36,3,6,4,4,7
lungad_2,1918,66,61,47,42,13,1,10,37,7,10,9,20,20
lungad_21,2444,62,73,50,43,14,2,14,43,10,9,8,26,8
